"date","price"
"2019-09-03","12000.00"
"2019-09-04","12000.00"
"2019-09-05","12000.00"
"2019-09-06","12000.00"
"2019-09-07","11700.00"
"2019-09-08","12000.00"
"2019-09-09","12000.00"
"2019-09-10","12000.00"
"2019-09-11","12000.00"
"2019-09-12","12000.00"
"2019-09-13","12000.00"
"2019-09-14","10500.00"
"2019-09-15","10500.00"
"2019-09-17","10500.00"
"2019-09-18","10500.00"
"2019-09-19","10500.00"
"2019-09-20","10500.00"
"2019-09-21","10500.00"
"2019-09-22","10500.00"
"2019-09-23","10500.00"
"2019-09-24","11000.00"
"2019-09-25","11000.00"
"2019-09-26","11000.00"
"2019-09-27","11000.00"
"2019-09-28","11000.00"
"2019-09-29","11000.00"
"2019-09-30","11000.00"
"2019-10-01","11000.00"
"2019-10-02","11000.00"
"2019-10-03","11000.00"
"2019-10-04","11000.00"
"2019-10-07","13000.00"
"2019-10-08","15000.00"
"2019-10-09","15000.00"
"2019-10-10","16000.00"
"2019-10-11","18000.00"
"2019-10-12","18000.00"
"2019-10-13","18000.00"
"2019-10-14","18000.00"
"2019-10-15","18000.00"
"2019-10-16","17000.00"
"2019-10-17","17000.00"
"2019-10-18","18000.00"
"2019-10-19","18000.00"
"2019-10-20","18000.00"
"2019-10-21","18000.00"
"2019-10-22","16000.00"
"2019-10-23","16000.00"
"2019-10-24","16000.00"
"2019-10-25","16000.00"
"2019-10-26","16000.00"
"2019-10-27","16000.00"
"2019-10-28","16000.00"
"2019-10-29","16000.00"
"2019-10-30","16000.00"
"2019-10-31","16000.00"
"2019-11-01","19000.00"
"2019-11-04","18000.00"
"2019-11-05","18000.00"
"2019-11-06","18000.00"
"2019-11-07","18000.00"
"2019-11-08","18000.00"
"2019-11-10","18000.00"
"2019-11-11","19000.00"
"2019-11-12","20000.00"
"2019-11-13","20000.00"
"2019-11-14","20000.00"
"2019-11-15","20000.00"
"2019-11-16","20000.00"
"2019-11-17","20000.00"
"2019-11-18","20000.00"
"2019-11-19","20000.00"
"2019-11-20","19000.00"
"2019-11-21","19000.00"
"2019-11-22","19000.00"
"2019-11-23","18000.00"
"2019-11-25","19000.00"
"2019-11-26","19000.00"
"2019-11-29","19000.00"
"2019-11-30","19000.00"
"2019-12-01","19000.00"
"2019-12-02","19000.00"
"2019-12-03","20000.00"
"2019-12-04","20000.00"
"2019-12-05","20000.00"
"2019-12-06","20000.00"
"2019-12-07","20000.00"
"2019-12-08","20000.00"
"2019-12-09","20000.00"
"2019-12-10","20000.00"
"2019-12-12","22000.00"
"2019-12-14","22000.00"
"2019-12-15","22000.00"
"2019-12-16","22000.00"
"2019-12-17","22000.00"
"2019-12-18","24000.00"
"2019-12-19","26000.00"
"2019-12-20","29000.00"
"2019-12-21","29000.00"
"2019-12-22","29000.00"
"2019-12-23","30000.00"
"2019-12-27","30000.00"
"2019-12-28","24000.00"
"2019-12-29","22000.00"
"2019-12-30","22000.00"
"2019-12-31","20000.00"
"2020-01-01","20000.00"
"2020-01-02","20000.00"
"2020-01-04","20000.00"
"2020-01-05","20000.00"
"2020-01-06","20000.00"
"2020-01-07","20000.00"
"2020-01-08","20000.00"
"2020-01-09","20000.00"
"2020-01-13","20000.00"
"2020-01-15","20000.00"
"2020-01-16","20000.00"
"2020-01-21","19000.00"
"2020-01-22","19000.00"
"2020-01-23","19000.00"
"2020-01-24","19000.00"
"2020-01-25","19000.00"
"2020-01-26","19000.00"
"2020-01-27","19000.00"
"2020-01-28","19000.00"
"2020-01-29","19000.00"
"2020-01-30","20000.00"
"2020-01-31","20000.00"
"2020-02-01","20000.00"
"2020-02-03","20000.00"
"2020-02-04","20000.00"
"2020-02-05","20000.00"
"2020-02-06","20000.00"
"2020-02-07","20000.00"
"2020-02-08","20000.00"
"2020-02-09","20000.00"
"2020-02-10","20000.00"
"2020-02-11","20000.00"
"2020-02-17","20000.00"
"2020-02-18","18000.00"
"2020-02-19","17000.00"
"2020-02-20","17000.00"
"2020-02-21","17000.00"
"2020-02-21","17000.00"
"2020-02-22","17000.00"
"2020-02-22","17000.00"
"2020-02-26","17000.00"
"2020-02-26","17000.00"
"2020-02-27","17000.00"
"2020-02-27","17000.00"
"2020-02-28","17000.00"
"2020-02-28","17000.00"
"2020-02-29","18000.00"
"2020-02-29","18000.00"
"2020-03-02","20000.00"
"2020-03-02","19000.00"
"2020-03-03","20000.00"
"2020-03-03","20000.00"
"2020-03-04","19000.00"
"2020-03-04","20000.00"
"2020-03-05","19000.00"
"2020-03-05","19000.00"
"2020-03-06","19000.00"
"2020-03-06","19000.00"
"2020-03-09","22000.00"
"2020-03-10","22000.00"
"2020-03-10","22000.00"
"2020-03-11","21000.00"
"2020-03-11","21000.00"
"2020-03-12","21000.00"
"2020-03-12","21000.00"
"2020-03-13","21000.00"
"2020-03-13","22000.00"
"2020-03-14","21000.00"
"2020-03-15","21000.00"
"2020-03-16","22000.00"
"2020-03-16","22000.00"
"2020-03-17","22000.00"
"2020-03-17","22000.00"
"2020-03-18","24000.00"
"2020-03-19","24000.00"
"2020-03-19","24000.00"
"2020-03-20","24000.00"
"2020-03-20","24000.00"
"2020-03-21","24000.00"
"2020-03-23","25000.00"
"2020-03-23","25000.00"
"2020-03-24","25000.00"
"2020-03-24","25000.00"
"2020-03-25","25000.00"
"2020-03-25","25000.00"
"2020-03-26","30000.00"
"2020-03-26","30000.00"
"2020-03-27","30000.00"
"2020-03-27","30000.00"
"2020-03-28","30000.00"
"2020-03-28","30000.00"
"2020-03-29","28000.00"
"2020-03-29","28000.00"
"2020-03-30","28000.00"
"2020-03-30","28000.00"
"2020-03-31","28000.00"
"2020-03-31","28000.00"
"2020-04-01","28000.00"
"2020-04-01","28000.00"
"2020-04-02","28000.00"
"2020-04-03","28000.00"
"2020-04-03","28000.00"
"2020-04-04","32000.00"
"2020-04-04","32000.00"
"2020-04-05","32000.00"
"2020-04-06","32000.00"
"2020-04-06","32000.00"
"2020-04-07","32000.00"
"2020-04-07","32000.00"
"2020-04-08","32000.00"
"2020-04-08","32000.00"
"2020-04-09","32000.00"
"2020-04-09","32000.00"
"2020-04-10","32000.00"
"2020-04-10","32000.00"
"2020-04-11","34000.00"
"2020-04-11","34000.00"
"2020-04-12","34000.00"
"2020-04-13","34000.00"
"2020-04-14","34000.00"
"2020-04-14","34000.00"
"2020-04-15","34000.00"
"2020-04-15","34000.00"
"2020-04-16","34000.00"
"2020-04-16","34000.00"
"2020-04-17","34000.00"
"2020-04-17","34000.00"
"2020-04-18","34000.00"
"2020-04-19","34000.00"
"2020-04-20","30000.00"
"2020-04-20","30000.00"
"2020-04-21","30000.00"
"2020-04-21","30000.00"
"2020-04-22","35000.00"
"2020-04-23","35000.00"
"2020-04-24","35000.00"
"2020-04-24","35000.00"
"2020-04-25","35000.00"
"2020-04-26","35000.00"
"2020-04-27","35000.00"
"2020-04-27","35000.00"
"2020-04-28","35000.00"
"2020-04-28","35000.00"
"2020-04-29","35000.00"
"2020-04-29","35000.00"
"2020-04-30","35000.00"
"2020-05-01","35000.00"
"2020-05-01","35000.00"
"2020-05-02","35000.00"
"2020-05-03","35000.00"
"2020-05-04","35000.00"
"2020-05-04","35000.00"
"2020-05-05","35000.00"
"2020-05-05","35000.00"
"2020-05-06","35000.00"
"2020-05-06","35000.00"
"2020-05-07","35000.00"
"2020-05-07","35000.00"
"2020-05-08","35000.00"
"2020-05-11","40000.00"
"2020-05-11","40000.00"
"2020-05-12","40000.00"
"2020-05-12","40000.00"
"2020-05-14","40000.00"
"2020-05-15","40000.00"
"2020-05-15","40000.00"
"2020-05-16","40000.00"
"2020-05-16","40000.00"
"2020-05-17","40000.00"
"2020-05-18","40000.00"
"2020-05-18","40000.00"
"2020-05-19","43000.00"
"2020-05-19","40000.00"
"2020-05-20","43000.00"
"2020-05-20","43000.00"
"2020-05-21","43000.00"
"2020-05-28","43000.00"
"2020-05-29","44000.00"
"2020-05-29","44000.00"
"2020-05-30","44000.00"
"2020-05-31","42000.00"
"2020-06-01","35000.00"
"2020-06-01","34000.00"
"2020-06-02","35000.00"
"2020-06-02","35000.00"
"2020-06-03","40000.00"
"2020-06-03","40000.00"
"2020-06-04","43000.00"
"2020-06-05","43000.00"
"2020-06-07","43000.00"
"2020-06-08","43000.00"
"2020-06-08","43000.00"
"2020-06-09","40000.00"
"2020-06-09","40000.00"
"2020-06-10","38000.00"
"2020-06-11","38000.00"
"2020-06-12","38000.00"
"2020-06-13","38000.00"
"2020-06-14","38000.00"
"2020-06-15","38000.00"
"2020-06-16","35000.00"
"2020-06-17","35000.00"
"2020-06-18","35000.00"
"2020-06-19","35000.00"
"2020-06-20","35000.00"
"2020-06-21","35000.00"
"2020-06-22","32000.00"
"2020-06-23","33000.00"
"2020-06-24","33000.00"
"2020-06-25","33000.00"
"2020-06-26","33000.00"
"2020-06-27","33000.00"
"2020-06-30","30000.00"
"2020-06-30","33000.00"
"2020-07-01","30000.00"
"2020-07-02","30000.00"
"2020-07-03","30000.00"
"2020-07-04","30000.00"
"2020-07-05","30000.00"
"2020-07-06","30000.00"
"2020-07-07","30000.00"
"2020-07-07","30000.00"
"2020-07-08","30000.00"
"2020-07-09","30000.00"
"2020-07-09","35000.00"
"2020-07-10","30000.00"
"2020-07-11","30000.00"
"2020-07-13","30000.00"
"2020-07-14","30000.00"
"2020-07-16","30000.00"
"2020-07-18","30000.00"
"2020-07-19","30000.00"
"2020-07-20","30000.00"
"2020-07-21","30000.00"
"2020-07-22","30000.00"
"2020-07-23","30000.00"
"2020-07-24","30000.00"
"2020-07-25","26000.00"
"2020-07-27","26000.00"
"2020-07-28","25000.00"
"2020-07-29","25000.00"
"2020-08-03","25000.00"
"2020-08-04","25000.00"
"2020-08-05","25000.00"
"2020-08-06","25000.00"
"2020-08-07","25000.00"
"2020-08-08","25000.00"
"2020-08-09","25000.00"
"2020-08-10","25000.00"
"2020-08-11","25000.00"
"2020-08-12","25000.00"
"2020-08-13","25000.00"
"2020-08-14","25000.00"
"2020-08-15","25000.00"
"2020-08-17","25000.00"
"2020-08-18","26000.00"
"2020-08-19","26000.00"
"2020-08-20","26000.00"
"2020-08-24","23000.00"
"2020-08-25","21000.00"
"2020-08-26","21000.00"
"2020-08-27","21000.00"
"2020-08-28","21000.00"
"2020-08-30","21000.00"
"2020-08-31","20000.00"
"2020-09-01","21000.00"
"2020-09-02","21000.00"
"2020-09-03","21000.00"
"2020-09-04","21000.00"
"2020-09-05","21000.00"
"2020-09-06","21000.00"
"2020-09-07","21000.00"
"2020-09-08","21000.00"
"2020-09-09","21000.00"
"2020-09-10","21000.00"
"2020-09-11","21000.00"
"2020-09-12","21000.00"
"2020-09-13","21000.00"
"2020-09-14","21000.00"
"2020-09-15","21000.00"
"2020-09-17","21000.00"
"2020-09-18","21000.00"
"2020-09-19","21000.00"
"2020-09-22","21000.00"
"2020-09-23","21000.00"
"2020-09-25","21000.00"
"2020-09-28","21000.00"
"2020-09-29","21000.00"
"2020-09-30","22000.00"
"2020-10-01","22000.00"
"2020-10-02","22000.00"
"2020-10-03","22000.00"
"2020-10-04","22000.00"
"2020-10-05","22000.00"
"2020-10-06","25000.00"
"2020-10-07","25000.00"
"2020-10-08","25000.00"
"2020-10-09","25000.00"
"2020-10-10","25000.00"
"2020-10-11","25000.00"
"2020-10-12","25000.00"
"2020-10-13","25000.00"
"2020-10-14","25000.00"
"2020-10-15","26000.00"
"2020-10-23","26000.00"
"2020-10-24","26000.00"
"2020-10-25","26000.00"
"2020-10-26","26000.00"
"2020-10-27","26000.00"
"2020-10-28","26000.00"
"2020-11-01","26000.00"
"2020-11-02","26000.00"
"2020-11-03","25000.00"
"2020-11-04","25000.00"
"2020-11-05","27000.00"
"2020-11-06","27000.00"
"2020-11-11","27000.00"
"2020-11-12","27000.00"
"2020-11-13","27000.00"
"2020-11-14","27000.00"
"2020-11-15","27000.00"
"2020-11-16","27000.00"
"2020-11-17","25000.00"
"2020-11-20","24000.00"
"2020-11-21","24000.00"
"2020-11-23","24000.00"
"2020-11-24","22000.00"
"2020-11-25","23000.00"
"2020-11-26","23000.00"
"2020-11-28","23000.00"
"2020-11-29","22000.00"
"2020-11-30","21000.00"
"2020-12-01","21000.00"
"2020-12-02","21000.00"
"2020-12-03","20000.00"
"2020-12-04","22000.00"
"2020-12-05","21000.00"
"2020-12-06","21000.00"
"2020-12-07","21000.00"
"2020-12-10","21000.00"
"2020-12-14","19000.00"
"2020-12-15","19000.00"
"2020-12-16","19000.00"
"2020-12-17","18000.00"
"2020-12-18","18000.00"
"2020-12-19","18000.00"
"2020-12-20","18000.00"
"2020-12-21","18000.00"
"2020-12-22","18000.00"
"2020-12-23","18000.00"
"2020-12-25","16000.00"
"2020-12-26","16000.00"
"2020-12-28","16000.00"
"2021-01-04","17000.00"
"2021-01-05","18000.00"
"2021-01-06","18000.00"
"2021-01-07","18000.00"
"2021-01-08","16000.00"
"2021-01-09","16000.00"
"2021-01-11","16000.00"
"2021-01-14","17000.00"
"2021-01-15","17000.00"
"2021-01-16","17000.00"
"2021-01-17","17000.00"
"2021-01-18","17000.00"
"2021-01-19","17000.00"
"2021-01-20","17000.00"
"2021-01-21","17000.00"
"2021-01-22","17000.00"
"2021-01-23","17000.00"
"2021-01-25","17000.00"
"2021-01-26","17000.00"
"2021-01-27","17000.00"
"2021-01-28","17000.00"
"2021-01-29","17000.00"
"2021-01-30","17000.00"
"2021-01-31","17000.00"
"2021-02-01","16000.00"
"2021-02-02","16000.00"
"2021-02-03","16000.00"
"2021-02-04","16000.00"
"2021-02-05","16000.00"
"2021-02-08","16000.00"
"2021-02-11","16000.00"
"2021-02-12","16000.00"
"2021-02-15","18000.00"
"2021-02-16","18000.00"
"2021-02-17","18000.00"
"2021-02-18","18000.00"
"2021-02-20","17000.00"
"2021-02-22","17000.00"
"2021-02-23","17000.00"
"2021-02-24","17000.00"
"2021-02-25","18000.00"
"2021-03-01","20000.00"
"2021-03-02","20000.00"
"2021-03-03","20000.00"
"2021-03-08","20000.00"
"2021-03-09","20000.00"
"2021-03-10","20000.00"
"2021-03-11","20000.00"
"2021-03-12","20000.00"
"2021-03-13","20000.00"
"2021-03-14","21000.00"
"2021-03-15","21000.00"
"2021-03-16","21000.00"
"2021-03-17","21000.00"
"2021-03-18","21000.00"
"2021-03-19","22000.00"
"2021-03-20","22000.00"
"2021-03-21","22000.00"
"2021-03-22","22000.00"
"2021-03-23","20000.00"
"2021-03-24","18000.00"
"2021-03-25","18000.00"
"2021-03-26","18000.00"
"2021-03-27","18000.00"
"2021-03-29","18000.00"
"2021-03-31","18000.00"
"2021-04-01","18000.00"
"2021-04-02","19000.00"
"2021-04-03","20000.00"
"2021-04-05","20000.00"
"2021-04-06","20000.00"
"2021-04-07","19000.00"
"2021-04-08","19000.00"
"2021-04-09","19000.00"
"2021-04-10","19000.00"
"2021-04-11","18000.00"
"2021-04-12","18000.00"
"2021-04-13","18000.00"
"2021-04-14","18000.00"
"2021-04-15","18000.00"
"2021-04-16","18000.00"
"2021-04-17","18000.00"
"2021-04-19","19000.00"
"2021-04-20","20000.00"
"2021-04-21","20000.00"
"2021-04-22","20000.00"
"2021-04-23","20000.00"
"2021-04-25","20000.00"
"2021-04-26","19000.00"
"2021-04-27","19000.00"
"2021-04-28","18000.00"
"2021-04-29","18000.00"
"2021-04-30","18000.00"
"2021-05-01","20000.00"
"2021-05-02","20000.00"
"2021-05-03","20000.00"
"2021-05-04","21000.00"
"2021-05-05","21000.00"
"2021-05-06","21000.00"
"2021-05-07","21000.00"
"2021-05-08","21000.00"
"2021-05-09","21000.00"
"2021-05-10","21000.00"
"2021-05-11","21000.00"
"2021-05-12","21000.00"
"2021-05-14","21000.00"
"2021-05-15","21000.00"
"2021-05-16","21000.00"
"2021-05-17","21000.00"
"2021-05-18","21000.00"
"2021-05-19","21000.00"
"2021-05-20","21000.00"
"2021-05-21","21000.00"
"2021-05-22","21000.00"
"2021-05-23","21000.00"
"2021-05-24","21000.00"
"2021-05-27","20000.00"
"2021-05-28","21000.00"
"2021-05-29","21000.00"
"2021-05-31","19000.00"
"2021-06-01","19000.00"
"2021-06-02","19000.00"
"2021-06-03","19000.00"
"2021-06-04","19000.00"
"2021-06-05","19000.00"
"2021-06-06","19000.00"
"2021-06-07","19000.00"
"2021-06-08","19000.00"
"2021-06-09","17000.00"
"2021-06-10","17000.00"
"2021-06-11","17000.00"
"2021-06-12","17000.00"
"2021-06-13","17000.00"
"2021-06-14","17000.00"
"2021-06-15","17000.00"
"2021-06-16","17000.00"
"2021-06-17","17000.00"
"2021-06-18","17000.00"
"2021-06-21","20000.00"
"2021-06-22","20000.00"
"2021-06-23","20000.00"
"2021-06-24","20000.00"
"2021-06-25","21000.00"
"2021-06-26","21000.00"
"2021-06-27","21000.00"
"2021-06-28","21000.00"
"2021-06-29","21000.00"
"2021-06-30","21000.00"
"2021-07-01","21000.00"
"2021-07-02","21000.00"
"2021-07-05","20000.00"
"2021-07-06","20000.00"
"2021-07-07","20000.00"
"2021-07-08","21000.00"
"2021-07-09","22000.00"
"2021-07-10","22000.00"
"2021-07-11","22000.00"
"2021-07-12","22000.00"
"2021-07-13","23000.00"
"2021-07-14","23000.00"
"2021-07-15","23000.00"
"2021-07-16","22000.00"
"2021-07-18","22000.00"
"2021-07-19","22000.00"
"2021-07-20","24000.00"
"2021-07-21","24000.00"
"2021-07-22","24000.00"
"2021-07-23","24000.00"
"2021-07-24","24000.00"
"2021-07-25","24000.00"
"2021-07-26","24000.00"
"2021-07-27","24000.00"
"2021-07-28","24000.00"
"2021-07-29","24000.00"
"2021-07-30","22000.00"
"2021-07-31","22000.00"
"2021-08-01","22000.00"
"2021-08-02","20000.00"
"2021-08-03","20000.00"
"2021-08-04","20000.00"
"2021-08-05","20000.00"
"2021-08-06","20000.00"
"2021-08-07","20000.00"
"2021-08-08","19000.00"
"2021-08-09","19000.00"
"2021-08-10","19000.00"
"2021-08-11","18000.00"
"2021-08-13","16000.00"
"2021-08-14","16000.00"
"2021-08-15","16000.00"
"2021-08-16","15000.00"
"2021-08-17","14000.00"
"2021-08-18","14000.00"
"2021-08-19","13000.00"
"2021-08-20","13000.00"
"2021-08-21","13000.00"
"2021-08-22","14000.00"
"2021-08-23","14000.00"
"2021-08-24","14000.00"
"2021-08-25","14000.00"
"2021-08-26","14000.00"
"2021-08-30","17000.00"
"2021-08-31","17000.00"
"2021-09-01","17000.00"
"2021-09-02","17000.00"
"2021-09-03","17000.00"
"2021-09-04","16000.00"
"2021-09-05","17000.00"
"2021-09-06","17000.00"
"2021-09-07","17000.00"
"2021-09-08","17000.00"
"2021-09-09","17000.00"
"2021-09-10","18000.00"
"2021-09-11","18000.00"
"2021-09-12","18000.00"
"2021-09-13","18000.00"
"2021-09-14","18000.00"
"2021-09-15","17000.00"
"2021-09-16","17000.00"
"2021-09-17","17000.00"
"2021-09-18","17000.00"
"2021-09-19","17000.00"
"2021-09-20","17000.00"
"2021-09-21","17000.00"
"2021-09-22","17000.00"
"2021-09-23","17000.00"
"2021-09-24","15000.00"
"2021-09-25","15000.00"
"2021-09-27","15000.00"
"2021-09-28","16000.00"
"2021-09-29","16000.00"
"2021-09-30","16000.00"
"2021-10-01","16000.00"
"2021-10-04","15000.00"
"2021-10-05","15000.00"
"2021-10-06","16000.00"
"2021-10-07","16000.00"
"2021-10-08","16000.00"
"2021-10-09","16000.00"
"2021-10-10","17000.00"
"2021-10-11","17000.00"
"2021-10-12","18000.00"
"2021-10-13","18000.00"
"2021-10-14","18000.00"
"2021-10-15","17000.00"
"2021-10-16","17000.00"
"2021-10-18","16000.00"
"2021-10-19","15000.00"
"2021-10-20","15000.00"
"2021-10-21","15000.00"
"2021-10-22","14000.00"
"2021-10-23","14000.00"
"2021-10-24","14000.00"
"2021-10-25","14000.00"
"2021-10-27","13000.00"
"2021-10-28","11000.00"
"2021-10-29","11000.00"
"2021-11-01","11000.00"
"2021-11-02","11000.00"
"2021-11-03","11000.00"
"2021-11-04","11000.00"
"2021-11-05","12000.00"
"2021-11-08","12000.00"
"2021-11-09","12000.00"
"2021-11-10","12000.00"
"2021-11-11","10000.00"
"2021-11-12","10000.00"
"2021-11-13","9000.00"
"2021-11-14","8000.00"
"2021-11-15","8000.00"
"2021-11-16","8000.00"
"2021-11-17","9500.00"
"2021-11-18","9500.00"
"2021-11-19","9000.00"
"2021-11-20","9000.00"
"2021-11-21","9000.00"
"2021-11-22","9000.00"
"2021-11-23","9000.00"
"2021-11-24","9000.00"
"2021-11-25","9000.00"
"2021-11-29","9000.00"
"2021-11-30","9000.00"
"2021-12-01","10000.00"
"2021-12-02","11000.00"
"2021-12-03","11000.00"
"2021-12-20","15000.00"
"2021-12-28","16000.00"
"2021-12-29","16000.00"
"2021-12-30","16000.00"
"2021-12-31","14000.00"
"2022-01-01","14000.00"
"2022-01-02","14000.00"
"2022-01-03","14000.00"
"2022-01-04","14000.00"
"2022-01-05","14000.00"
"2022-01-06","14000.00"
"2022-01-07","14000.00"
"2022-01-08","14000.00"
"2022-01-09","14000.00"
"2022-01-11","14000.00"
"2022-01-12","15000.00"
"2022-01-13","15000.00"
"2022-01-14","14000.00"
"2022-01-15","14000.00"
"2022-01-16","14000.00"
"2022-01-17","14000.00"
"2022-01-18","14000.00"
"2022-01-19","14000.00"
"2022-01-20","13000.00"
"2022-01-21","13000.00"
"2022-01-22","13000.00"
"2022-01-23","13000.00"
"2022-01-24","13000.00"
"2022-01-25","15000.00"
"2022-01-26","15000.00"
"2022-01-27","15000.00"
"2022-01-28","17000.00"
"2022-01-29","17000.00"
"2022-01-30","17000.00"
"2022-01-31","19000.00"
"2022-02-01","20000.00"
"2022-02-02","20000.00"
"2022-02-03","20000.00"
"2022-02-04","22000.00"
"2022-02-05","22000.00"
"2022-02-07","22000.00"
"2022-02-08","23000.00"
"2022-02-09","23000.00"
"2022-02-10","25000.00"
"2022-02-11","25000.00"
"2022-02-14","25000.00"
"2022-02-15","23000.00"
"2022-02-16","23000.00"
"2022-02-17","22000.00"
"2022-02-18","22000.00"
"2022-02-19","22000.00"
"2022-02-20","21000.00"
"2022-02-21","22000.00"
"2022-02-22","22000.00"
"2022-02-23","23000.00"
"2022-02-24","25000.00"
"2022-02-25","25000.00"
"2022-02-26","25000.00"
"2022-02-27","25000.00"
"2022-02-28","24000.00"
"2022-03-01","24000.00"
"2022-03-02","24000.00"
"2022-03-03","24000.00"
"2022-03-04","23000.00"
"2022-03-05","22000.00"
"2022-03-06","22000.00"
"2022-03-07","22000.00"
"2022-03-08","21000.00"
"2022-03-09","20000.00"
"2022-03-10","20000.00"
"2022-03-11","18000.00"
"2022-03-12","17000.00"
"2022-03-13","17000.00"
"2022-03-15","17000.00"
"2022-03-16","17000.00"
"2022-03-17","18000.00"
"2022-03-18","18000.00"
"2022-03-19","18000.00"
"2022-03-20","18000.00"
"2022-03-21","18000.00"
"2022-03-22","18000.00"
"2022-03-23","18000.00"
"2022-03-24","18000.00"
"2022-03-25","17000.00"
"2022-03-26","16000.00"
"2022-03-27","15000.00"
"2022-03-28","16000.00"
"2022-03-29","16000.00"
"2022-03-30","18000.00"
"2022-03-31","18000.00"
"2022-04-01","18000.00"
"2022-04-02","18000.00"
"2022-04-03","18000.00"
"2022-04-04","18000.00"
"2022-04-05","18000.00"
"2022-04-06","18000.00"
"2022-04-07","19000.00"
"2022-04-08","20000.00"
"2022-04-09","20000.00"
"2022-04-10","20000.00"
"2022-04-11","19000.00"
"2022-04-12","19000.00"
"2022-04-13","19000.00"
"2022-04-14","19000.00"
"2022-04-15","19000.00"
"2022-04-16","19000.00"
"2022-04-17","19000.00"
"2022-04-18","20000.00"
"2022-04-19","20000.00"
"2022-04-20","20000.00"
"2022-04-21","20000.00"
"2022-04-22","22000.00"
"2022-04-23","22000.00"
"2022-04-24","22000.00"
"2022-04-25","24000.00"
"2022-04-26","25000.00"
"2022-04-27","25000.00"
"2022-04-28","25000.00"
"2022-04-29","25000.00"
"2022-04-30","25000.00"
"2022-05-01","26000.00"
"2022-05-03","28000.00"
"2022-05-04","28000.00"
"2022-05-05","27000.00"
"2022-05-06","27000.00"
"2022-05-07","27000.00"
"2022-05-08","27000.00"
"2022-05-09","27000.00"
"2022-05-10","27000.00"
"2022-05-11","27000.00"
"2022-05-12","27000.00"
"2022-05-13","27000.00"
"2022-05-14","28000.00"
"2022-05-15","29000.00"
"2022-05-16","29000.00"
"2022-05-17","30000.00"
"2022-05-18","30000.00"
"2022-05-19","30000.00"
"2022-05-20","30000.00"
"2022-05-21","30000.00"
"2022-05-22","30000.00"
"2022-05-23","30000.00"
"2022-05-24","30000.00"
"2022-05-25","30000.00"
"2022-05-27","29000.00"
"2022-05-30","31000.00"
"2022-05-31","29000.00"
"2022-06-01","29000.00"
"2022-06-02","29000.00"
"2022-06-03","29000.00"
"2022-06-04","29000.00"
"2022-06-05","29000.00"
"2022-06-06","31000.00"
"2022-06-07","33000.00"
"2022-06-08","33000.00"
"2022-06-09","33000.00"
"2022-06-10","34000.00"
"2022-06-13","34000.00"
"2022-06-14","35000.00"
"2022-06-16","35000.00"
"2022-06-17","35000.00"
"2022-06-18","35000.00"
"2022-06-19","37000.00"
"2022-06-20","37000.00"
"2022-06-21","37000.00"
"2022-06-22","38000.00"
"2022-06-23","38000.00"
"2022-06-24","38000.00"
"2022-06-25","38000.00"
"2022-06-26","38000.00"
"2022-06-27","38000.00"
"2022-06-28","40000.00"
"2022-06-29","40000.00"
"2022-06-30","40000.00"
"2022-07-01","40000.00"
"2022-07-02","40000.00"
"2022-07-03","45000.00"
"2022-07-04","45000.00"
"2022-07-05","45000.00"
"2022-07-06","45000.00"
"2022-07-07","48000.00"
"2022-07-08","48000.00"
"2022-07-09","48000.00"
"2022-07-10","48000.00"
"2022-07-11","43000.00"
"2022-07-12","40000.00"
"2022-07-13","40000.00"
"2022-07-14","40000.00"
"2022-07-15","40000.00"
"2022-07-16","40000.00"
"2022-07-17","40000.00"
"2022-07-18","40000.00"
"2022-07-20","25000.00"
"2022-07-21","25000.00"
"2022-07-25","22000.00"
"2022-07-26","22000.00"
"2022-07-27","22000.00"
"2022-07-28","22000.00"
"2022-07-29","22000.00"
"2022-07-30","22000.00"
"2022-07-31","22000.00"
"2022-08-01","22000.00"
"2022-08-02","22000.00"
"2022-08-03","22000.00"
"2022-08-04","24000.00"
"2022-08-05","24000.00"
"2022-08-07","24000.00"
"2022-08-08","23000.00"
"2022-08-09","22000.00"
"2022-08-10","22000.00"
"2022-08-12","22000.00"
"2022-08-13","20000.00"
"2022-08-15","20000.00"
"2022-08-16","20000.00"
"2022-08-17","20000.00"
"2022-08-18","20000.00"
"2022-08-19","20000.00"
"2022-08-20","20000.00"
"2022-08-21","20000.00"
"2022-08-22","20000.00"
"2022-08-23","20000.00"
"2022-08-24","20000.00"
"2022-08-25","20000.00"
"2022-08-26","20000.00"
"2022-08-27","20000.00"
"2022-08-28","20000.00"
"2022-08-29","20000.00"
"2022-08-30","20000.00"
"2022-08-31","21000.00"
"2022-09-01","21000.00"
"2022-09-02","21000.00"
"2022-09-03","21000.00"
"2022-09-04","21000.00"
"2022-09-05","21000.00"
"2022-09-06","21000.00"
"2022-09-08","22000.00"
"2022-09-09","21000.00"
"2022-09-10","21000.00"
"2022-09-12","21000.00"
"2022-09-13","21000.00"
"2022-09-14","21000.00"
"2022-09-15","21000.00"
"2022-09-16","21000.00"
"2022-09-17","21000.00"
"2022-09-18","21000.00"
"2022-09-19","21000.00"
"2022-09-20","21000.00"
"2022-09-21","21000.00"
"2022-09-22","21000.00"
"2022-09-23","21000.00"
"2022-09-26","21000.00"
"2022-09-27","21000.00"
"2022-09-28","21000.00"
"2022-09-29","21000.00"
"2022-09-30","20000.00"
"2022-10-01","21000.00"
"2022-10-02","21000.00"
"2022-10-03","21000.00"
"2022-10-04","21000.00"
"2022-10-06","21000.00"
"2022-10-07","21000.00"
"2022-10-08","21000.00"
"2022-10-09","21000.00"
"2022-10-10","21000.00"
"2022-10-11","21000.00"
"2022-10-12","21000.00"
"2022-10-13","20000.00"
"2022-10-14","20000.00"
"2022-10-15","20000.00"
"2022-10-17","21000.00"
"2022-10-18","20000.00"
"2022-10-19","20000.00"
"2022-10-20","20000.00"
"2022-10-21","20000.00"
"2022-10-22","20000.00"
"2022-10-23","20000.00"
"2022-10-24","20000.00"
"2022-10-25","20000.00"
"2022-10-27","20000.00"
"2022-10-28","20000.00"
"2022-10-29","20000.00"
"2022-10-30","21000.00"
"2022-10-31","21000.00"
"2022-11-01","21000.00"
"2022-11-02","19000.00"
"2022-11-03","19000.00"
"2022-11-04","18000.00"
"2022-11-05","18000.00"
"2022-11-06","18000.00"
"2022-11-07","18000.00"
"2022-11-08","18000.00"
"2022-11-09","18000.00"
"2022-11-10","18000.00"
"2022-11-11","18000.00"
"2022-11-14","18000.00"
"2022-11-15","18000.00"
"2022-11-17","17000.00"
"2022-11-21","17000.00"
"2022-11-22","15000.00"
"2022-11-24","15000.00"
"2022-11-28","16000.00"
"2022-11-29","16000.00"
"2022-11-30","18000.00"
"2022-12-01","18000.00"
"2022-12-02","18000.00"
"2022-12-05","20000.00"
"2022-12-06","20000.00"
"2022-12-07","20000.00"
"2022-12-08","20000.00"
"2022-12-09","20000.00"
"2022-12-12","20000.00"
"2022-12-13","20000.00"
"2022-12-14","20000.00"
"2022-12-15","20000.00"
"2022-12-16","20000.00"
"2022-12-19","22000.00"
"2022-12-20","22000.00"
"2022-12-21","21000.00"
"2022-12-22","20000.00"
"2022-12-23","19000.00"
"2022-12-26","19000.00"
"2022-12-27","19000.00"
"2022-12-28","19000.00"
"2022-12-29","19000.00"
"2022-12-30","24000.00"
"2023-01-02","24000.00"
"2023-01-03","22000.00"
"2023-01-04","25000.00"
"2023-01-05","27000.00"
"2023-01-09","27000.00"
"2023-01-10","27000.00"
"2023-01-11","27000.00"
"2023-01-12","27000.00"
"2023-01-16","27000.00"
"2023-01-17","26000.00"
"2023-01-18","25000.00"
"2023-01-19","25000.00"
"2023-01-25","29000.00"
"2023-02-02","35000.00"
"2023-02-03","35000.00"
"2023-02-06","35000.00"
"2023-02-07","32000.00"
"2023-02-08","29000.00"
"2023-02-09","29000.00"
"2023-02-10","28000.00"
"2023-02-11","28000.00"
"2023-02-12","20000.00"
"2023-02-13","20000.00"
"2023-02-14","22000.00"
"2023-02-15","22000.00"
"2023-02-16","22000.00"
"2023-02-17","22000.00"
"2023-02-18","22000.00"
"2023-02-19","22000.00"
"2023-02-20","19000.00"
"2023-02-21","19000.00"
"2023-02-22","19000.00"
"2023-02-23","19000.00"
"2023-02-24","19000.00"
"2023-02-25","20000.00"
"2023-02-26","18000.00"
"2023-02-27","18000.00"
"2023-02-28","18000.00"
"2023-03-01","18000.00"
"2023-03-02","18000.00"
"2023-03-03","19000.00"
"2023-03-04","19000.00"
"2023-03-05","19000.00"
"2023-03-06","19000.00"
"2023-03-07","19000.00"
"2023-03-08","19000.00"
"2023-03-09","19000.00"
"2023-03-10","19000.00"
"2023-03-11","19000.00"
"2023-03-12","19000.00"
"2023-03-13","19000.00"
"2023-03-14","19000.00"
"2023-03-15","19000.00"
"2023-03-16","19000.00"
"2023-03-17","19000.00"
"2023-03-18","19000.00"
"2023-03-19","19000.00"
"2023-03-20","19000.00"
"2023-03-21","20000.00"
"2023-03-22","20000.00"
"2023-03-23","20000.00"
"2023-03-24","20000.00"
"2023-03-25","20000.00"
"2023-03-26","20000.00"
"2023-03-27","20000.00"
"2023-03-28","20000.00"
"2023-03-29","20000.00"
"2023-03-30","20000.00"
"2023-03-31","20000.00"
"2023-04-01","20000.00"
"2023-04-02","20000.00"
"2023-04-03","20000.00"
"2023-04-04","20000.00"
"2023-04-05","20000.00"
"2023-04-06","20000.00"
"2023-04-07","20000.00"
"2023-04-09","20000.00"
"2023-04-10","20000.00"
"2023-04-11","20000.00"
"2023-04-12","20000.00"
"2023-04-13","20000.00"
"2023-04-14","20000.00"
"2023-04-15","20000.00"
"2023-04-16","20000.00"
"2023-04-17","19000.00"
"2023-04-18","19000.00"
"2023-04-19","19000.00"
"2023-04-27","25000.00"
"2023-04-28","29000.00"
"2023-04-30","29000.00"
"2023-05-01","30000.00"
"2023-05-02","30000.00"
"2023-05-03","30000.00"
"2023-05-04","30000.00"
"2023-05-05","30000.00"
"2023-05-06","30000.00"
"2023-05-07","32000.00"
"2023-05-08","32000.00"
"2023-05-09","32000.00"
"2023-05-10","32000.00"
"2023-05-11","32000.00"
"2023-05-12","30000.00"
"2023-05-13","30000.00"
"2023-05-14","30000.00"
"2023-05-15","28000.00"
"2023-05-16","28000.00"
"2023-05-17","28000.00"
"2023-05-18","28000.00"
"2023-05-19","28000.00"
"2023-05-20","28000.00"
"2023-05-21","28000.00"
"2023-05-22","26000.00"
"2023-05-23","26000.00"
"2023-05-24","26000.00"
"2023-05-25","26000.00"
"2023-05-26","26000.00"
"2023-05-29","28000.00"
"2023-05-30","28000.00"
"2023-05-31","28000.00"
"2023-06-01","28000.00"
"2023-06-02","28000.00"
"2023-06-03","26000.00"
"2023-06-04","26000.00"
"2023-06-05","26000.00"
"2023-06-06","26000.00"
"2023-06-07","26000.00"
"2023-06-08","26000.00"
"2023-06-09","26000.00"
"2023-06-10","26000.00"
"2023-06-11","29000.00"
"2023-06-12","29000.00"
"2023-06-13","29000.00"
"2023-06-14","29000.00"
"2023-06-15","29000.00"
"2023-06-16","29000.00"
"2023-06-19","27000.00"
"2023-06-20","27000.00"
"2023-06-21","27000.00"
"2023-06-22","27000.00"
"2023-06-23","27000.00"
"2023-06-24","27000.00"
"2023-06-25","25000.00"
"2023-06-26","24000.00"
"2023-06-27","24000.00"
"2023-06-28","24000.00"
"2023-06-29","26000.00"
"2023-06-30","24000.00"
"2023-07-01","24000.00"
"2023-07-02","24000.00"
"2023-07-03","24000.00"
"2023-07-04","24000.00"
"2023-07-05","24000.00"
"2023-07-06","24000.00"
"2023-07-10","18000.00"
"2023-07-11","18000.00"
"2023-07-13","18000.00"
"2023-07-14","16000.00"
"2023-07-15","16000.00"
"2023-07-16","16000.00"
"2023-07-17","16000.00"
"2023-07-18","16000.00"
"2023-07-19","16000.00"
"2023-07-20","16000.00"
"2023-07-21","16000.00"
"2023-07-22","16000.00"
"2023-07-23","16000.00"
"2023-07-24","16000.00"
"2023-07-25","15000.00"
"2023-07-26","15000.00"
"2023-07-27","15000.00"
"2023-07-28","15000.00"
"2023-07-29","15000.00"
"2023-07-30","15000.00"
"2023-07-31","15000.00"
"2023-08-01","15000.00"
"2023-08-02","15000.00"
"2023-08-03","16000.00"
"2023-08-04","16000.00"
"2023-08-05","16000.00"
"2023-08-06","16000.00"
"2023-08-07","16000.00"
"2023-08-08","16000.00"
"2023-08-09","16000.00"
"2023-08-10","16000.00"
"2023-08-11","16000.00"
"2023-08-12","16000.00"
"2023-08-13","16000.00"
"2023-08-14","16000.00"
"2023-08-15","16000.00"
"2023-08-16","14000.00"
"2023-08-17","14000.00"
"2023-08-18","14000.00"
"2023-08-19","14000.00"
"2023-08-20","14000.00"
"2023-08-21","14000.00"
"2023-08-22","14000.00"
"2023-08-23","14000.00"
"2023-08-24","14000.00"
"2023-08-25","14000.00"
"2023-08-26","14000.00"
"2023-08-27","13000.00"
"2023-08-28","13000.00"
"2023-08-29","13000.00"
"2023-08-30","13000.00"
"2023-08-31","13000.00"
"2023-09-01","13000.00"
"2023-09-04","12000.00"
"2023-09-05","12000.00"
"2023-09-06","12000.00"
"2023-09-07","12000.00"
"2023-09-08","12000.00"
"2023-09-11","12000.00"
"2023-09-12","12000.00"
"2023-09-13","12000.00"
"2023-09-14","12000.00"
"2023-09-15","12000.00"
"2023-09-18","12000.00"
"2023-09-19","12000.00"
"2023-09-20","12000.00"
"2023-09-21","12000.00"
"2023-09-22","12000.00"
"2023-09-23","11000.00"
"2023-09-24","11000.00"
"2023-09-25","11000.00"
"2023-09-26","11000.00"
"2023-09-27","11000.00"
"2023-09-28","11000.00"
"2023-09-29","11000.00"
"2023-09-30","13000.00"
"2023-10-01","13000.00"
"2023-10-02","13000.00"
"2023-10-03","13000.00"
"2023-10-04","14000.00"
"2023-10-05","12000.00"
"2023-10-06","12000.00"
"2023-10-09","12000.00"
"2023-10-10","12000.00"
"2023-10-11","12000.00"
"2023-10-12","12000.00"
"2023-10-13","12000.00"
"2023-10-16","12000.00"
"2023-10-17","10000.00"
"2023-10-18","10000.00"
"2023-10-20","10000.00"
"2023-10-21","10000.00"
"2023-10-22","10000.00"
"2023-10-23","10000.00"
"2023-10-24","10000.00"
"2023-10-25","9000.00"
"2023-10-26","9000.00"
"2023-10-27","10000.00"
"2023-10-28","12000.00"
"2023-10-29","12000.00"
"2023-10-30","12000.00"
"2023-10-31","12000.00"
"2023-11-01","13000.00"
"2023-11-02","14000.00"
"2023-11-03","14000.00"
"2023-11-06","14000.00"
"2023-11-07","15000.00"
"2023-11-08","15000.00"
"2023-11-09","15000.00"
"2023-11-10","15000.00"
"2023-11-13","15000.00"
"2023-11-14","15000.00"
"2023-11-15","15000.00"
"2023-11-16","15000.00"
"2023-11-17","16000.00"
"2023-11-18","16000.00"
"2023-11-19","16000.00"
"2023-11-20","16000.00"
"2023-11-21","16000.00"
"2023-11-22","16000.00"
"2023-11-23","16000.00"
"2023-11-24","16000.00"
"2023-11-25","16000.00"
"2023-11-27","15000.00"
"2023-11-28","15000.00"
"2023-11-29","15000.00"
"2023-11-30","15000.00"
"2023-12-01","15000.00"
"2023-12-02","15000.00"
"2023-12-03","17000.00"
"2023-12-04","18000.00"
"2023-12-05","18000.00"
"2023-12-06","18000.00"
"2023-12-07","20000.00"
"2023-12-08","20000.00"
"2023-12-09","20000.00"
"2023-12-10","20000.00"
"2023-12-11","20000.00"
"2023-12-12","20000.00"
"2023-12-13","20000.00"
"2023-12-14","20000.00"
"2023-12-15","20000.00"
"2023-12-16","20000.00"
"2023-12-17","20000.00"
"2023-12-18","20000.00"
"2023-12-19","20000.00"
"2023-12-20","20000.00"
"2023-12-21","20000.00"
"2023-12-22","20000.00"
"2023-12-23","20000.00"
"2023-12-27","26000.00"
"2023-12-28","26000.00"
"2023-12-29","26000.00"
"2024-01-02","22000.00"
"2024-01-03","20000.00"
"2024-01-04","20000.00"
"2024-01-05","20000.00"
"2024-01-06","20000.00"
"2024-01-07","20000.00"
"2024-01-08","22000.00"
"2024-01-09","20000.00"
"2024-01-10","17000.00"
"2024-01-12","17000.00"
"2024-01-13","17000.00"
"2024-01-14","16000.00"
"2024-01-15","15000.00"
"2024-01-16","15000.00"
"2024-01-17","15000.00"
"2024-01-18","17000.00"
"2024-01-19","17000.00"
"2024-01-22","15000.00"
"2024-01-23","15000.00"
"2024-01-24","15000.00"
"2024-01-25","15000.00"
"2024-01-26","15000.00"
"2024-01-27","15000.00"
"2024-01-28","14000.00"
"2024-01-29","14000.00"
"2024-01-30","14000.00"
"2024-01-31","13000.00"
"2024-02-01","13000.00"
"2024-02-02","13000.00"
"2024-02-03","13000.00"
"2024-02-04","13000.00"
"2024-02-05","13000.00"
"2024-02-06","13000.00"
"2024-02-07","13000.00"
"2024-02-08","13000.00"
"2024-02-11","15000.00"
"2024-02-12","18000.00"
"2024-02-13","18000.00"
"2024-02-14","18000.00"
"2024-02-15","18000.00"
"2024-02-16","18000.00"
"2024-02-17","16000.00"
"2024-02-18","16000.00"
"2024-02-19","16000.00"
"2024-02-20","16000.00"
"2024-02-21","16000.00"
"2024-02-22","17000.00"
"2024-02-23","19000.00"
"2024-02-24","19000.00"
"2024-02-25","17000.00"
"2024-02-26","17000.00"
"2024-02-27","17000.00"
"2024-02-28","17000.00"
"2024-02-29","15000.00"
"2024-03-01","14000.00"
"2024-03-02","14000.00"
"2024-03-03","14000.00"
"2024-03-04","13000.00"
"2024-03-05","13000.00"
"2024-03-06","13000.00"
"2024-03-07","13000.00"
"2024-03-08","13000.00"
"2024-03-09","13000.00"
"2024-03-13","12000.00"
"2024-03-14","12000.00"
"2024-03-15","12000.00"
"2024-03-18","12000.00"
"2024-03-19","12000.00"
"2024-03-20","12000.00"
"2024-03-21","12000.00"
"2024-03-22","12000.00"
"2024-03-23","12000.00"
"2024-03-24","13000.00"
"2024-03-25","13000.00"
"2024-03-26","13000.00"
"2024-03-27","17000.00"
"2024-03-28","17000.00"
"2024-03-29","19000.00"
"2024-03-30","19000.00"
"2024-03-31","21000.00"
"2024-04-01","21000.00"
"2024-04-02","21000.00"
"2024-04-03","25000.00"
"2024-04-05","25000.00"
"2024-04-06","27000.00"
"2024-04-07","27000.00"
"2024-04-08","27000.00"
"2024-04-12","30000.00"
"2024-04-13","30000.00"
"2024-04-14","32000.00"
"2024-04-15","32000.00"
"2024-04-16","32000.00"
"2024-04-17","33000.00"
"2024-04-18","45000.00"
"2024-04-19","45000.00"
"2024-04-22","43000.00"
"2024-04-23","43000.00"
"2024-04-24","45000.00"
"2024-04-25","42000.00"
"2024-04-26","38000.00"
"2024-04-27","38000.00"
"2024-04-28","38000.00"
"2024-04-29","38000.00"
"2024-04-30","38000.00"
"2024-05-01","30000.00"
